{"stats":{"minecraft:used":{"immersiveengineering:fluid_pump":10,"quark:grate":25,"farmersdelight:onion_crate":120,"create:deployer":33,"quark:cobbled_deepslate":737,"cgm:machine_pistol":9,"minecraft:dispenser":46,"minecraft:ladder":6,"minecraft:chest":172,"minecraft:stone":337,"immersiveengineering:craftingtable":1,"cfm:cyan_kitchen_counter":19,"create:mechanical_crafter":27,"quark:polished_marble_slab":158,"immersiveengineering:balloon":5,"create:depot":6,"engineersdecor:steel_catwalk":62,"immersiveengineering:rs_engineering":8,"minecraft:villager_spawn_egg":6,"minecraft:grass_block":16,"supertools:shoveliron":247,"minecraft:music_disc_wait":2,"waterstrainer:worm_bin":3,"create:andesite_funnel":3,"minecraft:cooked_cod":16,"minecraft:bow":2,"create:shaft":19,"immersiveengineering:blastfurnace_preheater":8,"minecraft:furnace":2,"minecraft:oak_sapling":8,"immersiveengineering:capacitor_hv":2,"minecraft:egg":2,"worlds_with_ores:ironworld":1,"immersive_aircraft:biplane":23,"minecraft:potato":131,"engineersdecor:steel_catwalk_stairs":8,"quark:marble_bricks_stairs":19,"minecraft:mossy_stone_bricks":4,"worlds_with_ores:lapisworld":1,"minecraft:end_stone_bricks":1,"minecraft:powered_rail":21,"minecraft:prismarine":3,"minecraft:blackstone":11,"minecraft:cactus":6,"minecraft:composter":6,"elevatorid:elevator_white":6,"minecraft:golden_apple":58,"minecraft:sand":26,"supertools:shoveldiamond":945,"quark:marble":3,"minecraft:blue_ice":3,"butchersdelight:cookedbeefribs":1,"prettypipes:item_terminal":1,"immersiveengineering:hammer":190,"minecraft:lectern":1,"cgm:assault_rifle":985,"minecraft:diamond_sword":282,"minecraft:coal_block":1,"create:basin":1,"minecraft:smithing_table":3,"minecraft:birch_log":1,"minecraft:oak_boat":18,"minecraft:oak_trapdoor":52,"create:framed_glass":156,"powah:energizing_orb":27,"powah:energizing_rod_starter":2,"immersiveengineering:radiator":4,"prettypipes:pressurizer":5,"minecraft:cooked_salmon":24,"minecraft:netherrack":696,"waystones:bound_scroll":5,"minecraft:torch":494,"minecraft:anvil":2,"quark:marble_bricks":1463,"powah:energy_cell_hardened":2,"immersiveengineering:steel_fence":12,"butchersdelight:cleaver":10,"immersiveengineering:storage_steel":18,"farmersdelight:oak_pantry":19,"create:gearbox":3,"create:wrench":41,"immersiveengineering:workbench":2,"minecraft:iron_block":5,"minecraft:iron_axe":224,"minecraft:slime_block":4,"minecraft:barrel":5,"minecraft:bamboo":23,"minecraft:glowstone":2,"minecraft:iron_trapdoor":3,"farmersdelight:cooking_pot":2,"vehicle:fluid_pipe":10,"minecraft:observer":61,"waterstrainer:strainer_base":20,"minecraft:wheat_seeds":26,"minecraft:water_bucket":245,"minecraft:birch_planks":8,"cgm:pistol":51,"minecraft:cauldron":6,"minecraft:cracked_stone_bricks":1,"minecraft:diamond_block":13,"minecraft:rail":141,"minecraft:crafting_table":2,"minecraft:oak_slab":68,"minecraft:comparator":7,"farmersdelight:cod_slice":1,"worlds_with_ores:coalword":3,"minecraft:white_bed":23,"minecraft:campfire":1,"minecraft:oak_log":256,"minecraft:ender_eye":20,"minecraft:diamond_pickaxe":71991,"minecraft:diamond_shovel":656,"minecraft:oak_button":3,"minecraft:iron_pickaxe":1000,"immersiveengineering:light_engineering":43,"create:water_wheel":14,"create:mechanical_arm":34,"immersiveengineering:sheetmetal_iron":382,"minecraft:cobblestone":1430,"travelersbackpack:standard":2,"minecraft:dandelion":1,"minecraft:kelp":9,"minecraft:stripped_oak_log":15,"immersiveengineering:steel_scaffolding_standard":152,"minecraft:glass_pane":113,"immersiveengineering:blastbrick_reinforced":181,"quark:oak_chest":10,"minecraft:jukebox":1,"farmersdelight:cabbage_rolls":28,"minecraft:oak_sign":12,"minecraft:diamond_hoe":159,"immersiveengineering:seed":32,"create:portable_storage_interface":16,"minecraft:white_concrete_powder":41,"farmersdelight:stove":2,"butchersdelight:hook":1,"minecraft:iron_sword":445,"immersiveengineering:breaker_switch":4,"immersiveengineering:wooden_barrel":4,"create:mechanical_bearing":5,"prettypipes:wrench":114,"butchersdelight:cookedporkribs":10,"paraglider:goddess_statue":6,"powah:reactor_hardened":1,"engineersdecor:fluid_barrel":10,"create:cogwheel":32,"minecraft:carrot":136,"immersiveengineering:cokebrick":389,"minecraft:obsidian":3,"quark:limestone":1,"butchersdelight:deadchickenblock":4,"minecraft:glass":171,"minecraft:coal_ore":89,"littlelogistics:fishing_barge":3,"create:millstone":3,"minecraft:hopper_minecart":4,"butchersdelight:cookedsheepshank":4,"quark:smooth_basalt":28,"minecraft:stone_bricks":7,"minecraft:repeater":162,"farmersdelight:tomato_sauce":1,"immersiveengineering:coke":1,"farmersdelight:cutting_board":2,"minecraft:scaffolding":345,"farmersdelight:safety_net":16,"minecraft:gold_block":15,"cgm:heavy_rifle":61,"quark:dark_oak_ladder":3,"minecraft:dropper":1,"minecraft:stone_pickaxe":131,"minecraft:oak_planks":518,"immersiveengineering:survey_tools":14,"minecraft:ender_pearl":8,"quark:birch_trapped_chest":8,"immersiveengineering:sheetmetal_steel":46,"minecraft:redstone_block":4,"minecraft:sugar_cane":30,"minecraft:diamond_axe":3071,"worlds_with_ores:goldworld":1,"create:mechanical_saw":6,"immersiveengineering:wirecoil_steel":5,"supertools:hammeriron":419,"butchersdelight:cooked_ham":15,"minecraft:loom":1,"minecraft:lingering_potion":3,"minecraft:end_stone":232,"minecraft:sticky_piston":2,"minecraft:redstone_torch":36,"waystones:waystone":2,"minecraft:lever":19,"create:super_glue":15,"minecraft:string":2,"minecraft:music_disc_mall":2,"immersiveengineering:connector_hv":4,"minecraft:gravel":2,"power_up_obsidians:scarcita_sword":663,"powah:energy_cable_hardened":392,"immersive_aircraft:gyrodyne":27,"create:vertical_gearbox":9,"quark:purpur_chest":9,"minecraft:bone_meal":26,"spartanshields:shield_basic_netherite":3,"create:large_cogwheel":22,"immersiveengineering:conveyor_basic":26,"minecraft:oak_fence":8,"minecraft:flint_and_steel":3,"supertools:hammerstone":115,"minecraft:redstone":120,"minecraft:spruce_planks":2,"minecraft:ender_chest":2,"worlds_with_ores:netherbricklavabrown":2,"minecraft:oak_door":14,"engineersdecor:steel_table":12,"minecraft:dirt":2562,"immersiveengineering:fluid_pipe":298,"minecraft:hopper":115,"engineersdecor:metal_crafting_table":1,"immersiveengineering:sample_drill":4,"minecraft:cobblestone_wall":3,"farmersdelight:carrot_crate":43,"minecraft:shulker_box":21,"butchersdelight:cooked_sheeploin":2,"engineersdecor:metal_sliding_door":4,"prettypipes:crafting_terminal":11,"waystones:portstone":1,"minecraft:iron_hoe":79,"minecraft:wooden_axe":1,"immersiveengineering:treated_fence":45,"powah:wrench":50,"immersiveengineering:slab_sheetmetal_steel":16,"torchmaster:feral_flare_lantern":17,"minecraft:emerald_block":13,"create:radial_chassis":14,"waystones:warp_plate":1,"immersiveengineering:alloybrick":17,"immersiveengineering:blastbrick":27,"worlds_with_ores:netherbrickbrinstar":6,"travelersbackpack:fox":23,"immersiveengineering:cloche":42,"minecraft:cobblestone_stairs":20,"farmersdelight:skillet":3,"minecraft:glass_bottle":2,"minecraft:baked_potato":460,"supertools:hammerdiamond":977,"worlds_with_ores:diamondworld":1,"minecraft:cobblestone_slab":1748,"farmersdelight:onion":4,"powah:dry_ice":2,"quark:acacia_chest":1,"create:mechanical_harvester":17,"prettypipes:pipe":431,"minecraft:dark_oak_door":2,"minecraft:piston":17,"farmersdelight:apple_cider":1,"minecraft:apple":1,"immersiveengineering:heavy_engineering":18,"create:mechanical_press":1,"powah:energizing_rod_basic":35,"worlds_with_ores:redstoneworld":1,"minecraft:bucket":541,"minecraft:lapis_block":1,"quark:polished_marble":440,"worlds_with_ores:emeraldworld":1},"minecraft:killed_by":{"minecraft:zombie":4,"minecraft:ender_dragon":4,"minecraft:creeper":1,"minecraft:cave_spider":1,"minecraft:witch":1,"minecraft:enderman":2},"minecraft:broken":{"minecraft:diamond_helmet":1,"supertools:shoveliron":1,"minecraft:diamond_pickaxe":29,"minecraft:iron_sword":2,"supertools:hammerstone":1,"minecraft:iron_hoe":2,"minecraft:diamond_leggings":1,"minecraft:iron_axe":1,"minecraft:iron_pickaxe":4,"minecraft:stone_pickaxe":1,"minecraft:diamond_boots":1,"minecraft:diamond_chestplate":1,"create:sand_paper":4},"minecraft:picked_up":{"torchmaster:feral_flare_lantern":1,"cgm:basic_bullet":1329,"minecraft:prismarine_shard":55,"minecraft:suspicious_stew":4,"minecraft:smithing_table":2,"minecraft:lead":7,"minecraft:diamond_sword":1,"minecraft:oak_stairs":47,"minecraft:enchanted_book":9,"immersive_aircraft:hull_reinforcement":3,"minecraft:brewing_stand":1,"minecraft:golden_sword":5,"farmersdelight:cutting_board":1,"immersive_aircraft:improved_landing_gear":20,"minecraft:music_disc_cat":1,"paraglider:goddess_statue":6,"minecraft:string":269,"cgm:machine_pistol":1,"minecraft:soul_soil":1,"minecraft:cooked_salmon":90,"cgm:long_scope":2,"minecraft:pufferfish":3,"create:water_wheel":5,"minecraft:diamond_leggings":1,"minecraft:gold_nugget":911,"minecraft:spruce_planks":5,"prettypipes:pressurizer":4,"butchersdelight:garlic":1,"quark:root_item":29,"minecraft:melon_slice":1053,"minecraft:coal_block":305,"cgm:advanced_bullet":944,"minecraft:dark_oak_door":2,"butchersdelight:porkribs":14,"immersiveengineering:shader_bag_epic":1,"cgm:light_grip":1,"powah:energizing_orb":28,"minecraft:composter":2,"minecraft:purpur_pillar":2,"supertools:hammeriron":1,"immersiveengineering:coke":79,"cgm:medium_scope":1,"quark:clear_shard":256,"minecraft:tropical_fish":1,"farmersdelight:onion":777,"farmersdelight:rope":19,"minecraft:end_rod":1,"prettypipes:high_extraction_module":21,"create:mechanical_arm":7,"minecraft:white_terracotta":31,"minecraft:iron_bars":16,"quark:marble":17723,"minecraft:birch_log":69,"minecraft:magma_block":265,"minecraft:feather":4,"farmersdelight:rice":4,"minecraft:iron_door":16,"minecraft:water_bucket":48,"farmersdelight:safety_net":6,"minecraft:smoker":1,"butchersdelight:deadpig":7,"minecraft:flint":159,"prettypipes:crafting_terminal":7,"farmersdelight:carrot_crate":1,"farmersdelight:tomato":514,"create:copper_ingot":107,"engineersdecor:steel_catwalk_stairs":4,"create:goggles":1,"create:shaft":15,"minecraft:diamond_helmet":1,"patchouli:guide_book":2,"supertools:shoveliron":1,"immersive_aircraft:gyroscope":6,"minecraft:ink_sac":16,"minecraft:trapped_chest":1,"minecraft:dark_oak_log":409,"minecraft:barrel":4,"quark:cobbled_deepslate":1464,"minecraft:iron_hoe":1,"minecraft:dispenser":22,"minecraft:lever":14,"minecraft:blue_ice":217,"minecraft:golden_horse_armor":2,"minecraft:bread":3,"immersiveengineering:conveyor_basic":141,"minecraft:diamond_pickaxe":6,"minecraft:crafting_table":1,"minecraft:clay_ball":3784,"butchersdelight:item_salt":8,"minecraft:dragon_head":1,"paraglider:heart_container":1,"gravestone:obituary":3,"minecraft:purpur_block":1,"immersiveengineering:ore_nickel":25,"minecraft:cornflower":5,"immersiveengineering:manual":1,"immersiveengineering:ore_copper":264,"powah:energizing_rod_starter":7,"minecraft:elytra":1,"minecraft:iron_shovel":1,"minecraft:glass_pane":3,"cgm:weighted_stock":2,"minecraft:cracked_stone_bricks":1,"minecraft:cartography_table":2,"immersiveengineering:fluid_pump":6,"quark:permafrost":1,"farmersdelight:cod_slice":640,"immersiveengineering:treated_fence":5,"immersiveengineering:coresample":5,"minecraft:iron_nugget":5,"minecraft:poppy":7,"minecraft:minecart":11,"minecraft:chest":71,"minecraft:birch_sapling":29,"minecraft:piston":6,"minecraft:egg":8,"minecraft:sandstone":43,"minecraft:stone":701,"minecraft:oak_door":16,"farmersdelight:cabbage_crate":27,"farmersdelight:tomato_seeds":4,"minecraft:carrot":2207,"minecraft:redstone":787,"immersiveengineering:wirecoil_steel":16,"minecraft:prismarine_crystals":18,"create:vertical_gearbox":2,"minecraft:tnt":2,"engineersdecor:metal_crafting_table":1,"butchersdelight:deadsheep":5,"minecraft:diamond_chestplate":1,"minecraft:cooked_cod":8,"immersiveengineering:cloche":29,"quark:acacia_chest":1,"minecraft:shears":1,"minecraft:diamond_boots":3,"farmersdelight:oak_pantry":1,"immersiveengineering:blastbrick_reinforced":56,"create:depot":2,"minecraft:gold_ingot":25,"artifacts:pocket_piston":1,"minecraft:mutton":4,"immersiveengineering:light_engineering":1,"minecraft:white_wool":38,"minecraft:rail":319,"minecraft:bone_block":22,"minecraft:oxeye_daisy":16,"minecraft:stripped_oak_log":20,"quark:polished_marble_slab":43,"minecraft:clock":1,"immersive_aircraft:nether_engine":18,"powah:energy_cell_hardened":1,"minecraft:purpur_stairs":1,"minecraft:oak_log":867,"minecraft:lily_pad":9,"minecraft:ancient_debris":20,"farmersdelight:skillet":2,"worlds_with_ores:netherbrickguts":62,"quark:limestone":1,"minecraft:paper":5,"minecraft:white_banner":4,"immersiveengineering:slag":64,"immersiveengineering:cokebrick":177,"minecraft:apple":33,"minecraft:stone_bricks":11,"farmersdelight:cooking_pot":1,"minecraft:kelp":214,"quark:marble_bricks_stairs":7,"minecraft:oak_fence_gate":3,"minecraft:iron_ore":7870,"minecraft:cobweb":4,"minecraft:glass_bottle":2,"minecraft:iron_sword":1,"create:mechanical_saw":3,"elevatorid:elevator_white":2,"worlds_with_ores:netherbricklavaobsidian":1,"immersive_aircraft:sturdy_pipes":19,"quark:grate":2,"quark:birch_trapped_chest":1,"minecraft:gravel":1341,"power_up_obsidians:fragment_diotisia":25,"powah:uraninite_raw":65,"create:gearbox":1,"travelersbackpack:standard":1,"minecraft:firework_rocket":3081,"create:millstone":4,"minecraft:coal_ore":25,"immersiveengineering:seed":1189,"cfm:rock_path":7,"minecraft:diamond_axe":3,"minecraft:gray_wool":1,"create:portable_storage_interface":10,"minecraft:warped_roots":9,"minecraft:oak_button":2,"minecraft:baked_potato":1,"minecraft:melon_seeds":5,"minecraft:warped_nylium":13,"immersiveengineering:capacitor_hv":3,"minecraft:crimson_nylium":2,"minecraft:hopper":46,"quark:biotite":118,"minecraft:ender_pearl":66,"minecraft:shulker_shell":12,"powah:uraninite_raw_dense":7,"minecraft:wheat":654,"minecraft:redstone_block":1,"create:mechanical_crafter":26,"minecraft:potion":2,"waterstrainer:strainer_fisherman_reinforced":1,"minecraft:lapis_block":1,"immersiveengineering:dust_sulfur":4,"immersiveengineering:ore_uranium":16,"minecraft:oak_sign":5,"minecraft:activator_rail":4,"farmersdelight:cabbage":518,"minecraft:comparator":3,"create:mechanical_press":2,"engineersdecor:steel_catwalk":52,"minecraft:bucket":1,"minecraft:rose_bush":3,"minecraft:redstone_torch":24,"minecraft:cobblestone_slab":142,"minecraft:ender_eye":9,"farmersdelight:cabbage_seeds":390,"minecraft:iron_boots":1,"minecraft:furnace":2,"immersiveengineering:balloon":5,"quark:marble_bricks":1052,"minecraft:stick":170,"immersiveengineering:connector_hv":18,"minecraft:oak_fence":82,"minecraft:torch":472,"minecraft:spruce_stairs":2,"minecraft:porkchop":13,"littlelogistics:fishing_barge":2,"immersiveengineering:ore_aluminum":80,"create:framed_glass":3,"minecraft:vine":1,"immersiveengineering:alloybrick":9,"create:large_cogwheel":13,"immersiveengineering:fluid_pipe":137,"quark:ancient_tome":7,"minecraft:rotten_flesh":302,"power_up_obsidians:fragment_scarcita":56,"quark:polished_marble":110,"waterstrainer:worm_bin":4,"power_up_obsidians:scarcita_sword":2,"minecraft:music_disc_wait":3,"minecraft:obsidian":880,"minecraft:cod":44,"minecraft:cobblestone":8782,"paraglider:paraglider":3,"immersiveengineering:sample_drill":3,"minecraft:leather_chestplate":2,"minecraft:repeater":120,"minecraft:potato":295,"paraglider:spirit_orb":11,"minecraft:light_gray_dye":312,"minecraft:prismarine_bricks":43,"cgm:heavy_rifle":1,"create:gabbro_cobblestone":2,"artifacts:flame_pendant":1,"minecraft:lapis_lazuli":131,"immersiveengineering:sheetmetal_iron":14,"minecraft:dirt":7621,"minecraft:leather_boots":1,"immersiveengineering:hemp_fiber":800,"minecraft:glass":11,"minecraft:bone":102,"create:copper_ore":163,"powah:steel_energized":12,"minecraft:bow":3,"minecraft:wheat_seeds":1068,"butchersdelight:sheepshank":16,"minecraft:mossy_stone_bricks":5,"minecraft:bamboo":2182,"minecraft:powered_rail":11,"minecraft:prismarine":16,"quark:purpur_chest":9,"minecraft:oak_planks":606,"create:radial_chassis":2,"engineersdecor:fluid_barrel":10,"immersiveengineering:creosote_bucket":2,"create:cogwheel":22,"minecraft:poisonous_potato":4,"quark:dark_oak_ladder":15,"minecraft:sand":382,"minecraft:melon":543,"prettypipes:pipe":185,"minecraft:grass_block":15,"farmersdelight:cooked_mutton_chops":6,"minecraft:shulker_box":22,"minecraft:mossy_cobblestone":7,"minecraft:dark_prismarine":33,"immersiveengineering:ore_silver":136,"butchersdelight:sheeploin":6,"minecraft:light_gray_concrete":1,"butchersdelight:ham":19,"minecraft:diamond":145,"waterstrainer:strainer_base":10,"minecraft:bone_meal":677,"minecraft:golden_apple":3,"minecraft:white_concrete":40,"minecraft:emerald":280,"astikorcarts:plow":1,"minecraft:oak_sapling":864,"butchersdelight:hook":1,"minecraft:netherrack":8323,"butchersdelight:porkloin":14,"minecraft:end_stone_bricks":22,"quark:crimson_chest":1,"minecraft:charcoal":6,"minecraft:azure_bluet":7,"minecraft:chicken":4,"minecraft:ladder":1,"worlds_with_ores:netherbricklavabrown":71,"minecraft:brown_mushroom":1,"minecraft:packed_ice":2675,"immersiveengineering:heavy_engineering":4,"minecraft:stone_brick_wall":1,"minecraft:gold_block":11,"worlds_with_ores:netherbricklavastonedark":64,"create:mechanical_harvester":12,"minecraft:oak_trapdoor":28,"immersive_aircraft:biplane":22,"butchersdelight:deadchickenblock":3,"minecraft:blackstone":44,"waterstrainer:strainer_fisherman_solid":7,"vehicle:fluid_pipe":10,"farmersdelight:straw":57,"minecraft:oak_boat":16,"create:zinc_ore":397,"immersiveengineering:workbench":1,"minecraft:observer":16,"minecraft:light_gray_wool":5,"minecraft:sugar_cane":154,"minecraft:phantom_membrane":5,"immersiveengineering:sheetmetal_steel":16,"butchersdelight:sheeprack":8,"minecraft:dark_oak_sapling":42,"cfm:cyan_kitchen_counter":10,"minecraft:end_stone":371,"spartanshields:shield_basic_iron":1,"worlds_with_ores:netherbrickbrinstar":47,"minecraft:stone_button":10,"minecraft:iron_horse_armor":1,"minecraft:dark_oak_planks":8,"create:deployer":29,"farmersdelight:cooked_cod_slice":656,"minecraft:arrow":91,"immersiveengineering:steel_scaffolding_standard":70,"quark:smooth_basalt":127,"cgm:assault_rifle":1,"powah:uraninite_raw_poor":138,"artifacts:running_shoes":6,"minecraft:saddle":1,"immersiveengineering:ingot_steel":15,"minecraft:wet_sponge":121,"minecraft:salmon":5,"minecraft:leather":41,"littlelogistics:barge":1,"immersiveengineering:breaker_switch":3,"minecraft:ice":2,"powah:energy_cable_hardened":195,"artifacts:superstitious_hat":3,"artifacts:cloud_in_a_bottle":1,"minecraft:yellow_bed":1,"minecraft:nether_wart_block":1,"minecraft:gunpowder":61,"minecraft:cobblestone_stairs":11,"immersive_aircraft:gyrodyne":26,"engineersdecor:metal_sliding_door":2,"minecraft:heart_of_the_sea":1,"minecraft:iron_ingot":713,"quark:tallow":12,"travelersbackpack:coal":1,"minecraft:stripped_oak_wood":1,"waterstrainer:bait_pot":37,"minecraft:book":701,"minecraft:scaffolding":263,"minecraft:oak_slab":15,"create:mechanical_bearing":1,"minecraft:warped_fungus":1,"minecraft:stone_brick_slab":4,"minecraft:quartz":841,"minecraft:dandelion":11,"cgm:specialised_grip":1,"minecraft:white_bed":18,"minecraft:gold_ore":5518,"immersiveengineering:slab_sheetmetal_steel":2,"quark:oak_chest":3,"minecraft:spider_eye":100,"usefulbackpacks:backpack_large":5,"engineersdecor:steel_table":12,"immersive_aircraft:enhanced_propeller":15,"powah:energizing_rod_basic":25,"travelersbackpack:fox":9,"butchersdelight:sheephide":5,"minecraft:music_disc_mall":4,"minecraft:pumpkin_seeds":8,"minecraft:white_concrete_powder":1,"create:brass_ingot":30,"immersiveengineering:ore_lead":87,"minecraft:coal":28596},"minecraft:killed":{"minecraft:cave_spider":325,"minecraft:cod":1,"minecraft:shulker":25,"minecraft:skeleton":72,"minecraft:guardian":93,"minecraft:chicken":3,"minecraft:elder_guardian":3,"minecraft:zombie":134,"quark:toretoise":1,"minecraft:enderman":74,"minecraft:zombified_piglin":17,"minecraft:witch":3,"minecraft:spider":40,"minecraft:silverfish":6,"artifacts:mimic":1,"minecraft:piglin":8,"minecraft:pig":7,"minecraft:zombie_villager":2,"minecraft:creeper":38,"minecraft:sheep":5,"minecraft:ghast":4,"minecraft:phantom":8,"minecraft:drowned":6,"quark:foxhound":5,"minecraft:hoglin":2,"minecraft:squid":5,"minecraft:villager":22},"minecraft:mined":{"minecraft:dark_oak_planks":8,"minecraft:dragon_wall_head":1,"minecraft:white_bed":8,"powah:energizing_orb":28,"minecraft:obsidian":903,"minecraft:stone_brick_wall":1,"torchmaster:feral_flare_lantern":1,"minecraft:hopper":43,"minecraft:oxeye_daisy":16,"minecraft:oak_wall_sign":2,"minecraft:spawner":2,"minecraft:tall_seagrass":6,"minecraft:magma_block":266,"powah:energy_cell_hardened":1,"minecraft:barrel":4,"minecraft:fire":55,"powah:energizing_rod_starter":3,"quark:limestone":2,"minecraft:oak_stairs":47,"powah:uraninite_ore_poor":138,"immersiveengineering:balloon":5,"create:mechanical_press":2,"minecraft:tripwire":2,"create:cogwheel":18,"engineersdecor:metal_sliding_door":1,"engineersdecor:steel_catwalk_stairs":4,"minecraft:kelp_plant":75,"minecraft:crimson_nylium":36,"minecraft:smoker":1,"quark:dark_oak_ladder":11,"farmersdelight:oak_pantry":1,"powah:uraninite_ore":65,"quark:purpur_chest":9,"minecraft:torch":82,"butchersdelight:hookedsheepskinned":1,"immersiveengineering:connector_hv":3,"quark:netherrack_speleothem":47,"create:framed_glass":7,"minecraft:glass":94,"minecraft:sugar_cane":34,"minecraft:white_terracotta":31,"minecraft:repeater":95,"power_up_obsidians:diotisia":5,"create:portable_storage_interface":9,"immersiveengineering:alloy_smelter":1,"immersiveengineering:cokebrick":122,"vehicle:fluid_pipe":10,"minecraft:wheat":4,"minecraft:stone_brick_stairs":5,"minecraft:infested_mossy_stone_bricks":1,"minecraft:grass":504,"create:gabbro":2,"minecraft:oak_fence_gate":3,"immersiveengineering:conveyor_basic":4,"minecraft:piston":6,"powah:energy_cable_hardened":185,"create:zinc_ore":397,"minecraft:dark_prismarine":36,"create:millstone":4,"minecraft:mossy_cobblestone":8,"minecraft:dark_oak_log":409,"minecraft:end_stone":369,"minecraft:shulker_box":21,"quark:cobbled_deepslate":144,"minecraft:redstone_wire":39,"cfm:rock_path":7,"immersiveengineering:coke_oven":7,"create:mechanical_arm":7,"farmersdelight:wild_cabbages":2,"minecraft:kelp":31,"minecraft:cartography_table":2,"immersiveengineering:ore_silver":146,"minecraft:white_concrete_powder":1,"minecraft:redstone_ore":157,"create:shaft":16,"immersiveengineering:breaker_switch":3,"power_up_obsidians:scarcitaore":14,"quark:smooth_basalt":132,"worlds_with_ores:netherbricklavaobsidian":1,"minecraft:potatoes":37,"minecraft:cobblestone_slab":139,"minecraft:rail":54,"create:deployer":28,"minecraft:bamboo":71,"quark:permafrost":1,"minecraft:ender_chest":1,"minecraft:white_wool":20,"immersiveengineering:ore_aluminum":80,"minecraft:smithing_table":2,"minecraft:oak_slab":8,"minecraft:redstone_block":1,"minecraft:glass_pane":22,"engineersdecor:steel_table":12,"minecraft:comparator":3,"quark:oak_chest":3,"engineersdecor:fluid_barrel":10,"engineersdecor:steel_catwalk":52,"quark:marble_bricks":775,"powah:energizing_rod_basic":2,"minecraft:stone_brick_slab":7,"minecraft:observer":26,"minecraft:dandelion":10,"minecraft:cornflower":4,"minecraft:warped_roots":1,"worlds_with_ores:netherbricklavabrown":71,"immersiveengineering:heavy_engineering":4,"create:water_wheel":5,"minecraft:campfire":3,"immersiveengineering:blastbrick_reinforced":53,"minecraft:purpur_pillar":2,"minecraft:tall_grass":97,"create:mechanical_saw":3,"farmersdelight:skillet":2,"create:gearbox":3,"immersiveengineering:ore_uranium":16,"minecraft:birch_leaves":322,"worlds_with_ores:netherbrickbrinstar":47,"quark:deepslate":1449,"create:mechanical_bearing":1,"immersiveengineering:tank":2,"minecraft:gravel":1531,"minecraft:cobweb":93,"quark:crimson_chest":1,"minecraft:oak_button":1,"minecraft:stone_bricks":11,"waterstrainer:strainer_base":10,"minecraft:gold_ore":5867,"quark:root":10,"immersiveengineering:treated_fence":5,"immersiveengineering:capacitor_hv":2,"minecraft:spruce_planks":5,"minecraft:oak_sapling":93,"minecraft:farmland":90,"immersiveengineering:fluid_pipe":137,"minecraft:cobblestone_stairs":11,"immersiveengineering:advanced_blast_furnace":3,"minecraft:brewing_stand":1,"minecraft:grass_block":3248,"powah:uraninite_ore_dense":7,"minecraft:white_concrete":40,"minecraft:composter":2,"worlds_with_ores:netherbrickguts":62,"minecraft:iron_ore":8101,"create:copper_ore":163,"minecraft:azure_bluet":6,"immersiveengineering:sheetmetal_steel":16,"prettypipes:pressurizer":4,"minecraft:iron_bars":5,"immersiveengineering:ore_lead":87,"minecraft:end_stone_bricks":22,"waterstrainer:worm_bin":3,"create:radial_chassis":1,"minecraft:blackstone":48,"prettypipes:crafting_terminal":7,"minecraft:purpur_stairs":1,"minecraft:clay":946,"quark:biotite_ore":118,"minecraft:poppy":4,"minecraft:chest":57,"quark:stone_speleothem":14,"farmersdelight:safety_net":6,"quark:polished_marble":112,"immersiveengineering:coke":1,"minecraft:nether_quartz_ore":837,"minecraft:cobblestone":660,"minecraft:prismarine":19,"minecraft:oak_planks":615,"minecraft:iron_door":16,"minecraft:wall_torch":69,"immersiveengineering:alloybrick":8,"minecraft:seagrass":1,"minecraft:warped_nylium":36,"minecraft:powered_rail":3,"minecraft:nether_wart_block":1,"minecraft:lapis_block":1,"minecraft:dark_oak_door":2,"quark:marble":18013,"minecraft:birch_log":68,"farmersdelight:cutting_board":1,"minecraft:blue_ice":3,"minecraft:stripped_oak_wood":1,"minecraft:purpur_block":1,"minecraft:oak_log":851,"immersiveengineering:fluid_pump":6,"minecraft:sand":224,"minecraft:dirt":4055,"minecraft:dispenser":22,"minecraft:netherrack":8423,"minecraft:ancient_debris":20,"cfm:cyan_kitchen_counter":7,"minecraft:oak_leaves":3306,"immersiveengineering:workbench":1,"minecraft:nether_gold_ore":134,"minecraft:diamond_ore":272,"immersiveengineering:ore_copper":273,"butchersdelight:salt":3,"minecraft:dark_oak_leaves":349,"minecraft:oak_door":12,"quark:grate":2,"immersiveengineering:cloche":29,"prettypipes:pipe":178,"minecraft:lever":11,"gravestone:gravestone":22,"immersiveengineering:ore_nickel":25,"create:large_cogwheel":11,"create:depot":2,"quark:birch_trapped_chest":1,"minecraft:soul_campfire":1,"quark:acacia_chest":1,"immersiveengineering:slab_sheetmetal_steel":1,"minecraft:sandstone":43,"minecraft:oak_trapdoor":27,"minecraft:furnace":2,"minecraft:carrots":10,"immersiveengineering:hemp":69,"minecraft:gold_block":11,"immersiveengineering:sample_drill":3,"minecraft:bookshelf":233,"minecraft:stripped_oak_log":20,"minecraft:packed_ice":2877,"minecraft:wet_sponge":118,"immersiveengineering:light_engineering":1,"minecraft:stone":9161,"minecraft:redstone_wall_torch":1,"farmersdelight:cooking_pot":1,"minecraft:scaffolding":154,"immersiveengineering:sheetmetal_iron":11,"minecraft:infested_stone_bricks":4,"minecraft:oak_fence":84,"minecraft:crafting_table":1,"minecraft:rose_bush":1,"quark:polished_marble_slab":42,"farmersdelight:carrot_crate":1,"minecraft:lapis_ore":21,"butchersdelight:deadchickenblock":4,"minecraft:spruce_stairs":2,"minecraft:prismarine_bricks":46,"create:mechanical_harvester":12,"minecraft:ice":3,"minecraft:yellow_bed":1,"minecraft:grass_path":99,"elevatorid:elevator_white":2,"immersiveengineering:steel_scaffolding_standard":68,"minecraft:coal_ore":19038,"worlds_with_ores:netherbricklavastonedark":64,"create:mechanical_crafter":25,"minecraft:end_rod":1,"minecraft:cracked_stone_bricks":6,"minecraft:polished_andesite":1,"quark:marble_bricks_stairs":7,"minecraft:mossy_stone_bricks":8,"paraglider:goddess_statue":6},"minecraft:custom":{"minecraft:interact_with_crafting_table":27,"minecraft:open_barrel":1,"minecraft:leave_game":138,"minecraft:time_since_death":2208520,"minecraft:deaths":26,"minecraft:jump":18131,"minecraft:interact_with_furnace":34,"minecraft:play_record":4,"minecraft:traded_with_villager":19,"minecraft:sleep_in_bed":37,"minecraft:waystone_activated":3,"minecraft:damage_dealt":125327,"minecraft:interact_with_smoker":22,"minecraft:inspect_dispenser":80,"minecraft:interact_with_smithing_table":18,"minecraft:inspect_dropper":2,"minecraft:interact_with_anvil":14,"minecraft:inspect_hopper":85,"minecraft:sneak_time":47395,"minecraft:interact_with_blast_furnace":31,"minecraft:interact_with_stonecutter":16,"minecraft:time_since_rest":204383,"minecraft:swim_one_cm":682370,"minecraft:fly_one_cm":2605158,"minecraft:open_chest":1213,"minecraft:fall_one_cm":318164,"minecraft:animals_bred":4,"minecraft:open_shulker_box":79,"minecraft:sprint_one_cm":6027203,"minecraft:drop":252,"minecraft:talked_to_villager":56,"minecraft:walk_on_water_one_cm":263693,"minecraft:play_one_minute":5969105,"minecraft:interact_with_loom":11,"minecraft:open_enderchest":27,"minecraft:crouch_one_cm":102965,"minecraft:mob_kills":929,"minecraft:climb_one_cm":155392,"minecraft:walk_one_cm":7092407,"minecraft:walk_under_water_one_cm":603028,"minecraft:boat_one_cm":51707,"minecraft:damage_taken":26729,"minecraft:damage_absorbed":1737,"minecraft:trigger_trapped_chest":32,"minecraft:aviate_one_cm":66201},"minecraft:dropped":{"waterstrainer:bait_pot":1,"waterstrainer:strainer_fisherman_reinforced":1,"create:cogwheel":5,"butchersdelight:cookedbeefribs":5,"minecraft:dirt":13,"create:goggles":1,"minecraft:bone":2,"minecraft:oak_door":1,"minecraft:wheat":906,"minecraft:white_bed":10,"immersiveengineering:sheetmetal_iron":1,"cgm:basic_bullet":240,"waterstrainer:worm_bin":1,"minecraft:coal_ore":5393,"power_up_obsidians:scarcita_sword":2,"cfm:cyan_kitchen_counter":3,"minecraft:enchanted_book":1,"minecraft:iron_ingot":1948,"minecraft:wheat_seeds":267,"minecraft:cobblestone":10,"minecraft:golden_apple":1,"butchersdelight:ham":5,"minecraft:potato":16,"minecraft:stone":9,"create:zinc_ingot":481,"minecraft:diamond_pickaxe":2,"minecraft:bamboo":1409,"minecraft:bow":1,"create:copper_ingot":568,"minecraft:diamond_axe":1,"minecraft:oak_log":13,"minecraft:baked_potato":1,"immersiveengineering:dust_coke":174,"immersiveengineering:conveyor_basic":137,"immersiveengineering:coal_coke":855,"immersiveengineering:ingot_steel":16,"immersiveengineering:coke":52,"gravestone:obituary":1,"farmersdelight:onion":230,"paraglider:paraglider":1,"minecraft:gold_ingot":1,"cgm:machine_pistol":1,"minecraft:carrot":4463,"immersiveengineering:cokebrick":48,"minecraft:gunpowder":150,"immersiveengineering:slag":64,"minecraft:chest":3,"create:brass_ingot":271,"create:wheat_flour":107,"immersiveengineering:creosote_bucket":1,"minecraft:quartz":1,"immersiveengineering:seed":175,"immersive_aircraft:hull_reinforcement":1,"quark:marble_bricks":1,"minecraft:torch":1,"minecraft:warped_nylium":8,"minecraft:oak_sapling":438,"immersiveengineering:hemp_fiber":26,"create:golden_sheet":1},"minecraft:crafted":{"minecraft:ender_chest":2,"immersive_aircraft:engine":3,"minecraft:black_dye":2,"immersiveengineering:hammer":2,"farmersdelight:cabbage":9,"minecraft:oak_sign":12,"immersive_aircraft:sturdy_pipes":1,"waystones:portstone":1,"minecraft:slime_block":4,"minecraft:loom":1,"waystones:warp_plate":1,"minecraft:lever":3,"minecraft:diamond_shovel":3,"farmersdelight:rope":57,"minecraft:bookshelf":2,"minecraft:gray_wool":2,"patchouli:guide_book":1,"immersiveengineering:workbench":1,"immersiveengineering:stick_steel":40,"prettypipes:blank_module":1,"create:radial_chassis":6,"spartanshields:shield_basic_diamond":1,"immersiveengineering:ingot_silver":1,"minecraft:repeater":29,"create:andesite_funnel":6,"minecraft:diamond_helmet":1,"minecraft:diamond_leggings":1,"immersiveengineering:light_engineering":12,"engineersdecor:metal_crafting_table":1,"minecraft:iron_door":3,"powah:energizing_rod_starter":1,"power_up_obsidians:diotisia_sword":1,"waterstrainer:obsidian_mesh":3,"minecraft:glass_bottle":3,"minecraft:wooden_shovel":1,"create:rose_quartz":7,"waystones:return_scroll":3,"minecraft:diamond_axe":2,"farmersdelight:cabbage_crate":202,"waterstrainer:bait_pot":1,"immersiveengineering:slab_treated_wood_horizontal":12,"immersiveengineering:blastbrick_reinforced":29,"minecraft:smithing_table":1,"minecraft:sticky_piston":3,"prettypipes:low_extraction_module":1,"minecraft:hay_block":1,"waystones:warp_stone":1,"power_up_obsidians:diamond_obsidian_sword":1,"minecraft:campfire":2,"engineersdecor:metal_sliding_door":2,"immersive_aircraft:propeller":3,"create:gearbox":2,"farmersdelight:horse_feed":1,"minecraft:lectern":1,"quark:oak_chest":109,"minecraft:iron_pickaxe":2,"minecraft:sandstone":8,"immersiveengineering:heavy_engineering":8,"minecraft:composter":11,"immersiveengineering:capacitor_hv":1,"power_up_obsidians:obsidian_armor_boots":1,"minecraft:golden_carrot":1,"powah:dielectric_casing":1,"create:wrench":2,"immersiveengineering:survey_tools":1,"minecraft:jukebox":1,"minecraft:diamond_hoe":3,"engineersdecor:thin_steel_pole":20,"immersive_aircraft:biplane":1,"minecraft:bone_meal":24,"power_up_obsidians:obsidian_armor_helmet":1,"power_up_obsidians:fragment_armor_chestplate":1,"quark:grate":1,"waystones:warp_scroll":3,"immersiveengineering:fluid_pump":4,"prettypipes:high_retrieval_module":1,"farmersdelight:carrot_crate":165,"minecraft:ladder":12,"minecraft:stone_pickaxe":1,"minecraft:diamond_boots":1,"prettypipes:low_retrieval_module":1,"immersiveengineering:treated_fence":15,"usefulbackpacks:backpack_enderchest":1,"immersiveengineering:plate_nickel":1,"prettypipes:crafting_terminal":1,"minecraft:lead":1,"vehicle:fluid_pipe":16,"minecraft:coal_block":2265,"supertools:shoveldiamond":1,"quark:potato_crate":15,"farmersdelight:onion_crate":168,"immersiveengineering:rs_engineering":8,"create:dough":146,"create:goggles":1,"immersive_aircraft:industrial_gears":1,"farmersdelight:cooking_pot":1,"immersiveengineering:blueprint":2,"powah:energy_cell_starter":1,"quark:marble_bricks_stairs":24,"immersiveengineering:alloybrick":8,"create:mechanical_arm":1,"immersiveengineering:conveyor_basic":152,"immersive_aircraft:nether_engine":1,"minecraft:writable_book":1,"torchmaster:feral_flare_lantern":3,"immersiveengineering:jerrycan":1,"powah:capacitor_basic":8,"create:shaft":184,"farmersdelight:diamond_knife":1,"power_up_obsidians:fragment_armor_boots":1,"minecraft:brick":160,"immersiveengineering:component_steel":2,"minecraft:oak_planks":192,"minecraft:cobblestone_slab":2118,"minecraft:barrel":5,"immersive_aircraft:eco_engine":1,"quark:bamboo_block":163,"powah:reactor_starter":4,"immersiveengineering:manual":2,"minecraft:cobblestone_stairs":20,"immersiveengineering:steel_scaffolding_standard":12,"immersiveengineering:sheetmetal_iron":72,"immersiveengineering:coal_coke":279,"create:mechanical_bearing":2,"prettypipes:high_extraction_module":2,"create:deployer":1,"immersiveengineering:cloche":1,"farmersdelight:safety_net":12,"power_up_obsidians:scarcita_sword":1,"immersive_aircraft:hull":13,"minecraft:chest":106,"power_up_obsidians:obsidian_armor_chestplate":1,"minecraft:oak_button":2,"immersiveengineering:treated_wood_horizontal":16,"powah:energizing_rod_basic":3,"littlelogistics:fishing_barge":1,"immersiveengineering:wooden_grip":1,"immersiveengineering:plate_steel":42,"minecraft:stone_bricks":8,"power_up_obsidians:diotisias_armor_leggings":1,"farmersdelight:stove":2,"minecraft:white_banner":3,"immersive_aircraft:gyroscope":1,"minecraft:dropper":16,"create:depot":2,"minecraft:oak_slab":84,"minecraft:cauldron":1,"minecraft:crafting_table":6,"immersiveengineering:wire_copper":3,"prettypipes:medium_extraction_module":2,"immersiveengineering:cokebrick":99,"minecraft:hopper_minecart":3,"butchersdelight:cleaver":1,"minecraft:birch_planks":48,"farmersdelight:skillet":1,"minecraft:creeper_banner_pattern":1,"waterstrainer:strainer_base":3,"farmersdelight:cutting_board":1,"minecraft:dark_oak_slab":6,"minecraft:iron_chestplate":1,"minecraft:book":6,"minecraft:purple_dye":82,"immersiveengineering:blastbrick":81,"minecraft:diamond_pickaxe":31,"create:water_wheel":4,"minecraft:shield":1,"create:portable_storage_interface":2,"create:super_glue":1,"minecraft:stick":20,"minecraft:iron_ingot":54,"create:brass_casing":4,"prettypipes:medium_retrieval_module":1,"immersiveengineering:stick_treated":12,"powah:energy_cell_hardened":1,"immersiveengineering:nugget_silver":9,"minecraft:shears":1,"power_up_obsidians:diamond_obsidian_armor_armor_boots":1,"minecraft:polished_andesite":4,"travelersbackpack:netherite_tier_upgrade":1,"minecraft:oak_door":6,"immersiveengineering:slab_sheetmetal_steel":6,"minecraft:coal":36,"immersiveengineering:plate_silver":88,"power_up_obsidians:diotisias_armor_boots":1,"powah:energy_cell_basic":2,"immersive_aircraft:sail":2,"power_up_obsidians:obsidian_sword":1,"minecraft:furnace":1,"minecraft:blast_furnace":3,"minecraft:piston":12,"minecraft:gray_dye":2,"power_up_obsidians:obsidian_armor_leggings":1,"quark:framed_glass":4,"waystones:bound_scroll":3,"immersiveengineering:sheetmetal_steel":20,"minecraft:glass_pane":80,"minecraft:oak_trapdoor":16,"farmersdelight:oak_pantry":1,"minecraft:blue_ice":298,"prettypipes:item_terminal":1,"farmersdelight:tomato_crate":202,"minecraft:iron_axe":1,"minecraft:slime_ball":19,"prettypipes:pressurizer":1,"immersiveengineering:component_iron":2,"powah:dielectric_rod_horizontal":1,"minecraft:observer":2,"minecraft:minecart":2,"minecraft:magma_cream":2,"immersive_aircraft:enhanced_propeller":1,"power_up_obsidians:fragment_armor_leggings":1,"minecraft:diamond_sword":1,"littlelogistics:barge":1,"minecraft:iron_trapdoor":2,"immersive_aircraft:boiler":1,"powah:energizing_orb":1,"minecraft:powered_rail":6,"power_up_obsidians:diamond_obsidian_armor_armor_chestplate":1,"minecraft:activator_rail":6,"minecraft:iron_sword":2,"minecraft:bucket":59,"power_up_obsidians:diamond_obsidian_armor_armor_helmet":1,"minecraft:air":9185,"immersiveengineering:balloon":6,"minecraft:oak_boat":2,"immersive_aircraft:gyrodyne":1,"waystones:warp_dust":4,"quark:polished_marble":36,"minecraft:torch":36,"cfm:cyan_kitchen_counter":16,"minecraft:lapis_lazuli":18,"immersiveengineering:craftingtable":2,"minecraft:firework_rocket":636}},"DataVersion":2586}